ref_position	ref	alt	motif_ref	motif_sample	observed_profile	profile_of_interest
1271	G	A (100.0%) (n = 15)	GGAGATGGATGAAATCTTTGG	GGAGATGGATAAAATCTTTGG (100.0%) (n = 15)	TG>TA or GA>AA (100.0%) (n = 15)	GA>AA (100.0%) (n = 15)
2600	G	A (93.3%), N (6.7%) (n = 15)	ACATAATCTGGAAGCGTAAGT	ACATAATCTGAAAGCGTAAGT (93.3%), NNNNNNNNNNNNNNNNNNNNN (6.7%) (n = 15)	GG>GA or GA>AA (93.3%), GG>NN or GA>NN (6.7%) (n = 15)	GA>AA (93.3%), other (6.7%) (n = 15)
3120	G	A (100.0%) (n = 15)	TGTGATACCGGATGTCTTCTG	TGTGATACCGAATGTCTTCTG (100.0%) (n = 15)	GG>GA or GA>AA (100.0%) (n = 15)	GA>AA (100.0%) (n = 15)
3531	G	A (100.0%) (n = 15)	TGTCGTATCCGATGTATACGA	TGTCGTATCCAATGTATACGA (100.0%) (n = 15)	CG>CA or GA>AA (100.0%) (n = 15)	GA>AA (100.0%) (n = 15)
3827	C	T (100.0%) (n = 15)	GGTGTACAATCAAGATTATTA	GGTGTACAATTAAGATTATTA (93.3%), GGTGTACAATTNAGATTATTA (6.7%) (n = 15)	TC>TT or CA>TA (93.3%), TC>TT or CA>TN (6.7%) (n = 15)	TC>TT (100.0%) (n = 15)
7780	C	T (100.0%) (n = 15)	CTAGAGATATCGACGGTATGT	CTAGAGATATTGACGGTATGT (100.0%) (n = 15)	TC>TT or CG>TG (100.0%) (n = 15)	TC>TT (100.0%) (n = 15)
14009	G	T (100.0%) (n = 15)	TTCTATTAGGGCAACACTATG	TTCTATTAGGTCAACACTATG (100.0%) (n = 15)	GG>GT or GC>TC (100.0%) (n = 15)	other (100.0%) (n = 15)
15437	G	A (100.0%) (n = 15)	ATCAAAACACGATAGGTCAGA	ATCAAAACACAATAGGTCAGA (93.3%), ATCNAAACACAATAGGTCAGA (6.7%) (n = 15)	CG>CA or GA>AA (100.0%) (n = 15)	GA>AA (100.0%) (n = 15)
16977	C	C (93.3%), T (6.7%) (n = 15)	TAGATGGTCTCGTTTCATCAG	TAGATGGTCTCGTTTCATCAG (93.3%), TAGATGGTCTTGTTTCATCAG (6.7%) (n = 15)	TC>TC or CG>CG (93.3%), TC>TT or CG>TG (6.7%) (n = 15)	other (93.3%), TC>TT (6.7%) (n = 15)
18952	G	G (93.3%), A (6.7%) (n = 15)	GATTATTTCTGACATCGACGT	GATTATTTCTGACATCGACGT (93.3%), GATTATTTCTAACATCGACGT (6.7%) (n = 15)	TG>TG or GA>GA (93.3%), TG>TA or GA>AA (6.7%) (n = 15)	other (93.3%), GA>AA (6.7%) (n = 15)
21732	G	A (100.0%) (n = 15)	GACTATCTCCGAATTTGTTTT	GACTATCTCCAAATTTGTTTT (100.0%) (n = 15)	CG>CA or GA>AA (100.0%) (n = 15)	GA>AA (100.0%) (n = 15)
30376	G	A (100.0%) (n = 15)	ATCCACCGATGAGATATACTA	ATCCACCGATAAGATATACTA (100.0%) (n = 15)	TG>TA or GA>AA (100.0%) (n = 15)	GA>AA (100.0%) (n = 15)
31062	G	A (100.0%) (n = 15)	AAATGTGTGCGAAAGTATGGA	AAATGTGTGCAAAAGTATGGA (100.0%) (n = 15)	CG>CA or GA>AA (100.0%) (n = 15)	GA>AA (100.0%) (n = 15)
34468	G	A (100.0%) (n = 15)	TCCTTTTCCGGAAGTAATGAA	TCCTTTTCCGAAAGTAATGAA (100.0%) (n = 15)	GG>GA or GA>AA (100.0%) (n = 15)	GA>AA (100.0%) (n = 15)
37211	G	A (93.3%), N (6.7%) (n = 15)	CTTTATAACTGAACTGAGATA	CTTTATAACTAAACTGAGATA (93.3%), NNNNNNNNNNNNNNNNNNNNN (6.7%) (n = 15)	TG>TA or GA>AA (93.3%), TG>NN or GA>NN (6.7%) (n = 15)	GA>AA (93.3%), other (6.7%) (n = 15)
38369	G	A (100.0%) (n = 15)	CTGATACGGCGATGGTTTTTA	CTGATACGGCAATGGTTTTTA (100.0%) (n = 15)	CG>CA or GA>AA (100.0%) (n = 15)	GA>AA (100.0%) (n = 15)
38671	C	T (100.0%) (n = 15)	TCTGTATTCTCAATACCGTAT	TCTGTATTCTTAATACCGTAT (100.0%) (n = 15)	TC>TT or CA>TA (100.0%) (n = 15)	TC>TT (100.0%) (n = 15)
39148	C	T (100.0%) (n = 15)	TTTTTAGCCTCGCTTACAAGC	TTTTTAGCCTTGCTTACAAGC (100.0%) (n = 15)	TC>TT or CG>TG (100.0%) (n = 15)	TC>TT (100.0%) (n = 15)
52894	G	A (100.0%) (n = 15)	TTTCTGATCTGACTAAGATAG	TTTCTGATCTAACTAAGATAG (100.0%) (n = 15)	TG>TA or GA>AA (100.0%) (n = 15)	GA>AA (100.0%) (n = 15)
54126	G	A (100.0%) (n = 15)	CTAATATTGAGAAATTCATCC	CTAATATTGAAAAATTCATCC (100.0%) (n = 15)	AG>AA or GA>AA (100.0%) (n = 15)	GA>AA (100.0%) (n = 15)
54644	G	A (100.0%) (n = 15)	CGCTATAGAGGACAATAATGT	CGCTATAGAGAACAATAATGT (100.0%) (n = 15)	GG>GA or GA>AA (100.0%) (n = 15)	GA>AA (100.0%) (n = 15)
55084	C	C (93.3%), T (6.7%) (n = 15)	CATACATCGTCGGTATTTTTT	CATACATCGTCGGTATTTTTT (93.3%), CATACATCGTTGGTATTTTTT (6.7%) (n = 15)	TC>TC or CG>CG (93.3%), TC>TT or CG>TG (6.7%) (n = 15)	other (93.3%), TC>TT (6.7%) (n = 15)
55142	G	G (93.3%), A (6.7%) (n = 15)	AAATATTAACGAGTTCCATTT	AAATATTAACGAGTTCCATTT (93.3%), AAATATTAACAAGTTCCATTT (6.7%) (n = 15)	CG>CG or GA>GA (93.3%), CG>CA or GA>AA (6.7%) (n = 15)	other (93.3%), GA>AA (6.7%) (n = 15)
64306	G	A (100.0%) (n = 15)	ATAAATCATCGATTTTCAAAT	ATAAATCATCAATTTTCAAAT (100.0%) (n = 15)	CG>CA or GA>AA (100.0%) (n = 15)	GA>AA (100.0%) (n = 15)
64435	C	C (93.3%), T (6.7%) (n = 15)	GGTAACGCGTCGTTAACTCGT	GGTAACGCGTCGTTAACTCGT (93.3%), GGTAACGCGTTGTTAACTCGT (6.7%) (n = 15)	TC>TC or CG>CG (93.3%), TC>TT or CG>TG (6.7%) (n = 15)	other (93.3%), TC>TT (6.7%) (n = 15)
73075	C	T (100.0%) (n = 15)	AATGTAGACTCGACGGATGAA	AATGTAGACTTGACGGATGAA (100.0%) (n = 15)	TC>TT or CG>TG (100.0%) (n = 15)	TC>TT (100.0%) (n = 15)
73248	G	A (100.0%) (n = 15)	TGCTATCATAGATATAGAACC	TGCTATCATAAATATAGAACC (100.0%) (n = 15)	AG>AA or GA>AA (100.0%) (n = 15)	GA>AA (100.0%) (n = 15)
74214	G	A (100.0%) (n = 15)	CGTTCGATATGAACATATGCC	CGTTCGATATAAACATATGCC (100.0%) (n = 15)	TG>TA or GA>AA (100.0%) (n = 15)	GA>AA (100.0%) (n = 15)
77392	G	A (100.0%) (n = 15)	CGTATCGACTGAGTATACACC	CGTATCGACTAAGTATACACC (100.0%) (n = 15)	TG>TA or GA>AA (100.0%) (n = 15)	GA>AA (100.0%) (n = 15)
81284	G	A (100.0%) (n = 15)	CATTATGTAAGACTTGTGGGA	CATTATGTAAAACTTGTGGGA (100.0%) (n = 15)	AG>AA or GA>AA (100.0%) (n = 15)	GA>AA (100.0%) (n = 15)
82382	C	T (100.0%) (n = 15)	ATGCTGATTTCGACGGAGATG	ATGCTGATTTTGACGGAGATG (100.0%) (n = 15)	TC>TT or CG>TG (100.0%) (n = 15)	TC>TT (100.0%) (n = 15)
82460	G	A (100.0%) (n = 15)	TGTATCCGACGACGTTACTCA	TGTATCCGACAACGTTACTCA (100.0%) (n = 15)	CG>CA or GA>AA (100.0%) (n = 15)	GA>AA (100.0%) (n = 15)
82862	G	G (93.3%), A (6.7%) (n = 15)	GTTTTGGGGTGACATTCAAAG	GTTTTGGGGTGACATTCAAAG (93.3%), GTTTTGGGGTAACATTCAAAG (6.7%) (n = 15)	TG>TG or GA>GA (93.3%), TG>TA or GA>AA (6.7%) (n = 15)	other (93.3%), GA>AA (6.7%) (n = 15)
84596	C	T (93.3%), N (6.7%) (n = 15)	ACGATATCTTCGGTATTGAGG	ACGATATCTTTGGTATTGAGG (93.3%), NNNNNNNNNNNNNNNNNNNNN (6.7%) (n = 15)	TC>TT or CG>TG (93.3%), TC>NN or CG>NN (6.7%) (n = 15)	TC>TT (93.3%), other (6.7%) (n = 15)
89915	C	C (93.3%), T (6.7%) (n = 15)	GAAGAAAATTCTCCACCTCCG	GAAGAAAATTCTCCACCTCCG (93.3%), GAAGAAAATTTTCCACCTCCG (6.7%) (n = 15)	TC>TC or CT>CT (93.3%), TC>TT or CT>TT (6.7%) (n = 15)	other (93.3%), TC>TT (6.7%) (n = 15)
94807	G	G (93.3%), A (6.7%) (n = 15)	ATTTTTTTCTGAATATATTGT	ATTTTTTTCTGAATATATTGT (86.7%), ANNTTTTTCTGAATATATTGT (6.7%), A-TTTTTTCTAAATATATTGT (6.7%) (n = 15)	TG>TG or GA>GA (93.3%), TG>TA or GA>AA (6.7%) (n = 15)	other (93.3%), GA>AA (6.7%) (n = 15)
95043	G	A (100.0%) (n = 15)	TTGTACAGGTGCCTCCATCAT	TTGTACAGGTACCTCCATCAT (100.0%) (n = 15)	TG>TA or GC>AC (100.0%) (n = 15)	other (100.0%) (n = 15)
124139	G	A (100.0%) (n = 15)	TCTAGTATTCGAGACATTAAC	TCTAGTATTCAAGACATTAAC (100.0%) (n = 15)	CG>CA or GA>AA (100.0%) (n = 15)	GA>AA (100.0%) (n = 15)
124683	G	A (93.3%), N (6.7%) (n = 15)	CCAGCTAACCGAATTTATTGT	CCAGCTAACCAAATTTATTGT (93.3%), CCNNNNNNNNNNNNNNNNNNN (6.7%) (n = 15)	CG>CA or GA>AA (93.3%), CG>NN or GA>NN (6.7%) (n = 15)	GA>AA (93.3%), other (6.7%) (n = 15)
127229	C	C (93.3%), T (6.7%) (n = 15)	CAGTTCGTCTCAATCTTTAAT	CAGTTCGTCTCAATCTTTAAT (86.7%), CAGTTCGTCTTAATCTTTAAT (6.7%), CANTTCGTCTCAATCTTTAAT (6.7%) (n = 15)	TC>TC or CA>CA (93.3%), TC>TT or CA>TA (6.7%) (n = 15)	other (93.3%), TC>TT (6.7%) (n = 15)
128707	C	T (100.0%) (n = 15)	TTTATTAAGTCGTTGGATCAT	TTTATTAAGTTGTTGGATCAT (100.0%) (n = 15)	TC>TT or CG>TG (100.0%) (n = 15)	TC>TT (100.0%) (n = 15)
144538	C	C (93.3%), T (6.7%) (n = 15)	AACAATAGTTCCTGGTTCCTC	AACAATAGTTCCTGGTTCCTC (93.3%), AACAATAGTTTCTGGTTCCTC (6.7%) (n = 15)	TC>TC or CC>CC (93.3%), TC>TT or CC>TC (6.7%) (n = 15)	other (93.3%), TC>TT (6.7%) (n = 15)
150480	C	T (100.0%) (n = 15)	TGAATTTGATCATTTTGAAGA	TGAATTTGATTATTTTGAAGA (100.0%) (n = 15)	TC>TT or CA>TA (100.0%) (n = 15)	TC>TT (100.0%) (n = 15)
151472	A	C (100.0%) (n = 15)	TATTATTTTCAGTTTTATTAT	TATTATTTTCCGTTTTATTAT (100.0%) (n = 15)	CA>CC or AG>CG (100.0%) (n = 15)	other (100.0%) (n = 15)
155806	G	A (86.7%), - (6.7%), N (6.7%) (n = 15)	TTCTGAAGAGGGAGCAGATAA	TTCTGAAGAGAGAGCAGATAA (86.7%), TTCTGAAGA--GAGCAGATAA (6.7%), TTCTGAAGAGNGAGCAGATAA (6.7%) (n = 15)	GG>GA or GG>AG (86.7%), GG>-- or GG>-G (6.7%), GG>GN or GG>NG (6.7%) (n = 15)	other (100.0%) (n = 15)
162342	C	T (100.0%) (n = 15)	TATACATCATCTGTGGTCTGT	TATACATCATTTGTGGTCTGT (93.3%), TATACATCATTTGTGGTCNNT (6.7%) (n = 15)	TC>TT or CT>TT (100.0%) (n = 15)	TC>TT (100.0%) (n = 15)
167528	G	G (93.3%), A (6.7%) (n = 15)	AAATGTACCAGAAGGAACATA	AAATGTACCAGAAGGAACATA (93.3%), AAATGTACCAAAAGGAACATA (6.7%) (n = 15)	AG>AG or GA>GA (93.3%), AG>AA or GA>AA (6.7%) (n = 15)	other (93.3%), GA>AA (6.7%) (n = 15)
170273	G	A (100.0%) (n = 15)	ACTGGACACGGGAACGTGGTA	ACTGGACACGAGAACGTGGTA (93.3%), ACTGGACACGAGAANNTGGTA (6.7%) (n = 15)	GG>GA or GG>AG (100.0%) (n = 15)	other (100.0%) (n = 15)
176910	G	G (86.7%), A (13.3%) (n = 15)	CGCACGAGGTGAAGATACACA	CGCACGAGGTGAAGATACACA (86.7%), CGCACGAGGTAAAGATACACA (13.3%) (n = 15)	TG>TG or GA>GA (86.7%), TG>TA or GA>AA (13.3%) (n = 15)	other (86.7%), GA>AA (13.3%) (n = 15)
178220	G	A (86.7%), N (13.3%) (n = 15)	TATCGAAAATGATATACGTAA	TATCGAAAATAATATACGTAA (86.7%), TATCGANAATNATATACGTAA (6.7%), NNNNNNAAANNATATACNNAA (6.7%) (n = 15)	TG>TA or GA>AA (86.7%), TG>TN or GA>NA (6.7%), TG>NN or GA>NA (6.7%) (n = 15)	GA>AA (86.7%), other (13.3%) (n = 15)
181382	G	G (86.7%), A (13.3%) (n = 15)	TGAATTTTCAGAAATTATCTC	TGAATTTTCAGAAATTATCTC (86.7%), TGAATTTTCAAAAATTATCTC (13.3%) (n = 15)	AG>AG or GA>GA (86.7%), AG>AA or GA>AA (13.3%) (n = 15)	other (86.7%), GA>AA (13.3%) (n = 15)
181995	G	A (100.0%) (n = 15)	TGAGACATCTGACAATAACAC	TGAGACATCTAACAATAACAC (93.3%), NGNGACANCTAACAATAACAC (6.7%) (n = 15)	TG>TA or GA>AA (100.0%) (n = 15)	GA>AA (100.0%) (n = 15)
183534	C	T (100.0%) (n = 15)	AGTCCAAAATCCGCCACAACT	AGTCCAAAATTCGCCACAACT (100.0%) (n = 15)	TC>TT or CC>TC (100.0%) (n = 15)	TC>TT (100.0%) (n = 15)
186593	G	A (100.0%) (n = 15)	ATACTTATATGAGCTATGACT	ATACTTATATAAGCTATGACT (93.3%), ATACTTNTATANGCNNNNACT (6.7%) (n = 15)	TG>TA or GA>AA (93.3%), TG>TA or GA>AN (6.7%) (n = 15)	GA>AA (93.3%), other (6.7%) (n = 15)
187169	C	C (86.7%), N (6.7%), T (6.7%) (n = 15)	AGAATACTTTCCGAATAAGTC	AGAATACTTTCCGAATAAGTC (80.0%), AGAATACTTTTCGAATAAGTC (6.7%), AGAATACTTTCCGNNNNNNNN (6.7%), NNNNNNNNNNNNNNNNNNNNN (6.7%) (n = 15)	TC>TC or CC>CC (86.7%), TC>NN or CC>NN (6.7%), TC>TT or CC>TC (6.7%) (n = 15)	other (93.3%), TC>TT (6.7%) (n = 15)
190675	G	G (93.3%), A (6.7%) (n = 15)	GAATTTTTCAGACTATTTCGA	GAATTTTTCAGACTATTTCGA (86.7%), GAATTTTTCAAACTATTTCGA (6.7%), GAATTNTTCAGACNNNNNNNN (6.7%) (n = 15)	AG>AG or GA>GA (93.3%), AG>AA or GA>AA (6.7%) (n = 15)	other (93.3%), GA>AA (6.7%) (n = 15)
193407	G	A (100.0%) (n = 15)	TAATAATCTTGATTGTACACC	TAATAATCTTAATTGTACACC (100.0%) (n = 15)	TG>TA or GA>AA (100.0%) (n = 15)	GA>AA (100.0%) (n = 15)
193703	C	T (100.0%) (n = 15)	TCGTATACATCGGATACGACA	TCGTATACATTGGATACGACA (100.0%) (n = 15)	TC>TT or CG>TG (100.0%) (n = 15)	TC>TT (100.0%) (n = 15)
194114	C	T (100.0%) (n = 15)	CAGAAGACATCCGGTATCACA	CAGAAGACATTCGGTATCACA (100.0%) (n = 15)	TC>TT or CC>TC (100.0%) (n = 15)	TC>TT (100.0%) (n = 15)
194634	C	T (100.0%) (n = 15)	ACTTACGCTTCCAGATTATGT	ACTTACGCTTTCAGATTATGT (100.0%) (n = 15)	TC>TT or CC>TC (100.0%) (n = 15)	TC>TT (100.0%) (n = 15)
195963	C	T (100.0%) (n = 15)	CCAAAGATTTCATCCATCTCC	CCAAAGATTTTATCCATCTCC (100.0%) (n = 15)	TC>TT or CA>TA (100.0%) (n = 15)	TC>TT (100.0%) (n = 15)
