ID	POS	REF	ALT
Monkeypox/PT0001/2022	16977	C	C
Monkeypox/PT0001/2022	18952	G	G
Monkeypox/PT0001/2022	55084	C	C
Monkeypox/PT0001/2022	55142	G	G
Monkeypox/PT0001/2022	64435	C	C
Monkeypox/PT0001/2022	82862	G	G
Monkeypox/PT0001/2022	89915	C	C
Monkeypox/PT0001/2022	94807	G	G
Monkeypox/PT0001/2022	127229	C	C
Monkeypox/PT0001/2022	144538	C	C
Monkeypox/PT0001/2022	167528	G	G
Monkeypox/PT0001/2022	176910	G	G
Monkeypox/PT0001/2022	181382	G	G
Monkeypox/PT0001/2022	187169	C	C
Monkeypox/PT0001/2022	190675	G	G
Monkeypox/PT0005/2022	16977	C	C
Monkeypox/PT0005/2022	18952	G	G
Monkeypox/PT0005/2022	55084	C	C
Monkeypox/PT0005/2022	55142	G	G
Monkeypox/PT0005/2022	64435	C	C
Monkeypox/PT0005/2022	82862	G	A
Monkeypox/PT0005/2022	89915	C	C
Monkeypox/PT0005/2022	94807	G	G
Monkeypox/PT0005/2022	127229	C	C
Monkeypox/PT0005/2022	144538	C	C
Monkeypox/PT0005/2022	167528	G	G
Monkeypox/PT0005/2022	176910	G	A
Monkeypox/PT0005/2022	181382	G	A
Monkeypox/PT0005/2022	187169	C	C
Monkeypox/PT0005/2022	190675	G	G
Monkeypox/PT0010/2022	16977	C	C
Monkeypox/PT0010/2022	18952	G	G
Monkeypox/PT0010/2022	55084	C	C
Monkeypox/PT0010/2022	55142	G	G
Monkeypox/PT0010/2022	64435	C	C
Monkeypox/PT0010/2022	82862	G	G
Monkeypox/PT0010/2022	89915	C	C
Monkeypox/PT0010/2022	94807	G	G
Monkeypox/PT0010/2022	127229	C	T
Monkeypox/PT0010/2022	144538	C	T
Monkeypox/PT0010/2022	167528	G	G
Monkeypox/PT0010/2022	176910	G	G
Monkeypox/PT0010/2022	181382	G	G
Monkeypox/PT0010/2022	187169	C	N
Monkeypox/PT0010/2022	190675	G	G