ID	POS	REF	ALT	Supplementary_material
Monkeypox/PT0001/2022 (v2)	16977	C	C	Table S4
Monkeypox/PT0001/2022 (v2)	18952	G	G	Table S4
Monkeypox/PT0001/2022 (v2)	55084	C	C	Table S4
Monkeypox/PT0001/2022 (v2)	55142	G	G	Table S4
Monkeypox/PT0001/2022 (v2)	64435	C	C	Table S4
Monkeypox/PT0001/2022 (v2)	82862	G	G	Table S4
Monkeypox/PT0001/2022 (v2)	89915	C	C	Table S4
Monkeypox/PT0001/2022 (v2)	94807	G	G	Table S4
Monkeypox/PT0001/2022 (v2)	127229	C	C	Table S4
Monkeypox/PT0001/2022 (v2)	144538	C	C	Table S4
Monkeypox/PT0001/2022 (v2)	167528	G	G	Table S4
Monkeypox/PT0001/2022 (v2)	176910	G	G	Table S4
Monkeypox/PT0001/2022 (v2)	181382	G	G	Table S4
Monkeypox/PT0001/2022 (v2)	187169	C	C	Table S4
Monkeypox/PT0001/2022 (v2)	190675	G	G	Table S4
Monkeypox/PT0002/2022	16977	C	C	Table S4
Monkeypox/PT0002/2022	18952	G	G	Table S4
Monkeypox/PT0002/2022	55084	C	C	Table S4
Monkeypox/PT0002/2022	55142	G	G	Table S4
Monkeypox/PT0002/2022	64435	C	C	Table S4
Monkeypox/PT0002/2022	82862	G	G	Table S4
Monkeypox/PT0002/2022	89915	C	C	Table S4
Monkeypox/PT0002/2022	94807	G	G	Table S4
Monkeypox/PT0002/2022	127229	C	C	Table S4
Monkeypox/PT0002/2022	144538	C	C	Table S4
Monkeypox/PT0002/2022	167528	G	G	Table S4
Monkeypox/PT0002/2022	176910	G	G	Table S4
Monkeypox/PT0002/2022	181382	G	G	Table S4
Monkeypox/PT0002/2022	187169	C	C	Table S4
Monkeypox/PT0002/2022	190675	G	G	Table S4
Monkeypox/PT0003/2022	16977	C	C	Table S4
Monkeypox/PT0003/2022	18952	G	G	Table S4
Monkeypox/PT0003/2022	55084	C	C	Table S4
Monkeypox/PT0003/2022	55142	G	G	Table S4
Monkeypox/PT0003/2022	64435	C	C	Table S4
Monkeypox/PT0003/2022	82862	G	G	Table S4
Monkeypox/PT0003/2022	89915	C	C	Table S4
Monkeypox/PT0003/2022	94807	G	G	Table S4
Monkeypox/PT0003/2022	127229	C	C	Table S4
Monkeypox/PT0003/2022	144538	C	C	Table S4
Monkeypox/PT0003/2022	167528	G	G	Table S4
Monkeypox/PT0003/2022	176910	G	G	Table S4
Monkeypox/PT0003/2022	181382	G	G	Table S4
Monkeypox/PT0003/2022	187169	C	C	Table S4
Monkeypox/PT0003/2022	190675	G	G	Table S4
Monkeypox/PT0004/2022	16977	C	C	Table S4
Monkeypox/PT0004/2022	18952	G	G	Table S4
Monkeypox/PT0004/2022	55084	C	C	Table S4
Monkeypox/PT0004/2022	55142	G	G	Table S4
Monkeypox/PT0004/2022	64435	C	C	Table S4
Monkeypox/PT0004/2022	82862	G	G	Table S4
Monkeypox/PT0004/2022	89915	C	C	Table S4
Monkeypox/PT0004/2022	94807	G	G	Table S4
Monkeypox/PT0004/2022	127229	C	C	Table S4
Monkeypox/PT0004/2022	144538	C	C	Table S4
Monkeypox/PT0004/2022	167528	G	G	Table S4
Monkeypox/PT0004/2022	176910	G	G	Table S4
Monkeypox/PT0004/2022	181382	G	G	Table S4
Monkeypox/PT0004/2022	187169	C	C	Table S4
Monkeypox/PT0004/2022	190675	G	G	Table S4
Monkeypox/PT0005/2022	16977	C	C	Table S4
Monkeypox/PT0005/2022	18952	G	G	Table S4
Monkeypox/PT0005/2022	55084	C	C	Table S4
Monkeypox/PT0005/2022	55142	G	G	Table S4
Monkeypox/PT0005/2022	64435	C	C	Table S4
Monkeypox/PT0005/2022	82862	G	A	Table S4
Monkeypox/PT0005/2022	89915	C	C	Table S4
Monkeypox/PT0005/2022	94807	G	G	Table S4
Monkeypox/PT0005/2022	127229	C	C	Table S4
Monkeypox/PT0005/2022	144538	C	C	Table S4
Monkeypox/PT0005/2022	167528	G	G	Table S4
Monkeypox/PT0005/2022	176910	G	A	Table S4
Monkeypox/PT0005/2022	181382	G	A	Table S4
Monkeypox/PT0005/2022	187169	C	C	Table S4
Monkeypox/PT0005/2022	190675	G	G	Table S4
Monkeypox/PT0006/2022	16977	C	C	Table S4
Monkeypox/PT0006/2022	18952	G	G	Table S4
Monkeypox/PT0006/2022	55084	C	T	Table S4
Monkeypox/PT0006/2022	55142	G	G	Table S4
Monkeypox/PT0006/2022	64435	C	C	Table S4
Monkeypox/PT0006/2022	82862	G	G	Table S4
Monkeypox/PT0006/2022	89915	C	C	Table S4
Monkeypox/PT0006/2022	94807	G	G	Table S4
Monkeypox/PT0006/2022	127229	C	C	Table S4
Monkeypox/PT0006/2022	144538	C	C	Table S4
Monkeypox/PT0006/2022	167528	G	G	Table S4
Monkeypox/PT0006/2022	176910	G	G	Table S4
Monkeypox/PT0006/2022	181382	G	G	Table S4
Monkeypox/PT0006/2022	187169	C	C	Table S4
Monkeypox/PT0006/2022	190675	G	G	Table S4
Monkeypox/PT0007/2022	16977	C	C	Table S4
Monkeypox/PT0007/2022	18952	G	G	Table S4
Monkeypox/PT0007/2022	55084	C	C	Table S4
Monkeypox/PT0007/2022	55142	G	G	Table S4
Monkeypox/PT0007/2022	64435	C	C	Table S4
Monkeypox/PT0007/2022	82862	G	G	Table S4
Monkeypox/PT0007/2022	89915	C	C	Table S4
Monkeypox/PT0007/2022	94807	G	G	Table S4
Monkeypox/PT0007/2022	127229	C	C	Table S4
Monkeypox/PT0007/2022	144538	C	C	Table S4
Monkeypox/PT0007/2022	167528	G	G	Table S4
Monkeypox/PT0007/2022	176910	G	G	Table S4
Monkeypox/PT0007/2022	181382	G	G	Table S4
Monkeypox/PT0007/2022	187169	C	C	Table S4
Monkeypox/PT0007/2022	190675	G	G	Table S4
Monkeypox/PT0008/2022	16977	C	T	Table S4
Monkeypox/PT0008/2022	18952	G	G	Table S4
Monkeypox/PT0008/2022	55084	C	C	Table S4
Monkeypox/PT0008/2022	55142	G	G	Table S4
Monkeypox/PT0008/2022	64435	C	C	Table S4
Monkeypox/PT0008/2022	82862	G	G	Table S4
Monkeypox/PT0008/2022	89915	C	C	Table S4
Monkeypox/PT0008/2022	94807	G	G	Table S4
Monkeypox/PT0008/2022	127229	C	C	Table S4
Monkeypox/PT0008/2022	144538	C	C	Table S4
Monkeypox/PT0008/2022	167528	G	G	Table S4
Monkeypox/PT0008/2022	176910	G	A	Table S4
Monkeypox/PT0008/2022	181382	G	A	Table S4
Monkeypox/PT0008/2022	187169	C	C	Table S4
Monkeypox/PT0008/2022	190675	G	G	Table S4
Monkeypox/PT0009/2022	16977	C	C	Table S4
Monkeypox/PT0009/2022	18952	G	G	Table S4
Monkeypox/PT0009/2022	55084	C	C	Table S4
Monkeypox/PT0009/2022	55142	G	G	Table S4
Monkeypox/PT0009/2022	64435	C	C	Table S4
Monkeypox/PT0009/2022	82862	G	G	Table S4
Monkeypox/PT0009/2022	89915	C	C	Table S4
Monkeypox/PT0009/2022	94807	G	G	Table S4
Monkeypox/PT0009/2022	127229	C	C	Table S4
Monkeypox/PT0009/2022	144538	C	C	Table S4
Monkeypox/PT0009/2022	167528	G	G	Table S4
Monkeypox/PT0009/2022	176910	G	G	Table S4
Monkeypox/PT0009/2022	181382	G	G	Table S4
Monkeypox/PT0009/2022	187169	C	C	Table S4
Monkeypox/PT0009/2022	190675	G	G	Table S4
Monkeypox/PT0010/2022	16977	C	C	Table S4
Monkeypox/PT0010/2022	18952	G	G	Table S4
Monkeypox/PT0010/2022	55084	C	C	Table S4
Monkeypox/PT0010/2022	55142	G	G	Table S4
Monkeypox/PT0010/2022	64435	C	C	Table S4
Monkeypox/PT0010/2022	82862	G	G	Table S4
Monkeypox/PT0010/2022	89915	C	C	Table S4
Monkeypox/PT0010/2022	94807	G	G	Table S4
Monkeypox/PT0010/2022	127229	C	T	Table S4
Monkeypox/PT0010/2022	144538	C	T	Table S4
Monkeypox/PT0010/2022	167528	G	G	Table S4
Monkeypox/PT0010/2022	176910	G	G	Table S4
Monkeypox/PT0010/2022	181382	G	G	Table S4
Monkeypox/PT0010/2022	187169	C	N	Table S4
Monkeypox/PT0010/2022	190675	G	G	Table S4
ON563414.2_MPXV_USA_2022_MA001	16977	C	C	Table S4
ON563414.2_MPXV_USA_2022_MA001	18952	G	G	Table S4
ON563414.2_MPXV_USA_2022_MA001	55084	C	C	Table S4
ON563414.2_MPXV_USA_2022_MA001	55142	G	G	Table S4
ON563414.2_MPXV_USA_2022_MA001	64435	C	C	Table S4
ON563414.2_MPXV_USA_2022_MA001	82862	G	G	Table S4
ON563414.2_MPXV_USA_2022_MA001	89915	C	C	Table S4
ON563414.2_MPXV_USA_2022_MA001	94807	G	G	Table S4
ON563414.2_MPXV_USA_2022_MA001	127229	C	C	Table S4
ON563414.2_MPXV_USA_2022_MA001	144538	C	C	Table S4
ON563414.2_MPXV_USA_2022_MA001	167528	G	G	Table S4
ON563414.2_MPXV_USA_2022_MA001	176910	G	G	Table S4
ON563414.2_MPXV_USA_2022_MA001	181382	G	G	Table S4
ON563414.2_MPXV_USA_2022_MA001	187169	C	C	Table S4
ON563414.2_MPXV_USA_2022_MA001	190675	G	G	Table S4
ON568298.1_MPXV-BY-IMB25241	16977	C	C	Table S4
ON568298.1_MPXV-BY-IMB25241	18952	G	G	Table S4
ON568298.1_MPXV-BY-IMB25241	55084	C	C	Table S4
ON568298.1_MPXV-BY-IMB25241	55142	G	G	Table S4
ON568298.1_MPXV-BY-IMB25241	64435	C	C	Table S4
ON568298.1_MPXV-BY-IMB25241	82862	G	G	Table S4
ON568298.1_MPXV-BY-IMB25241	89915	C	C	Table S4
ON568298.1_MPXV-BY-IMB25241	94807	G	G	Table S4
ON568298.1_MPXV-BY-IMB25241	127229	C	C	Table S4
ON568298.1_MPXV-BY-IMB25241	144538	C	C	Table S4
ON568298.1_MPXV-BY-IMB25241	167528	G	G	Table S4
ON568298.1_MPXV-BY-IMB25241	176910	G	G	Table S4
ON568298.1_MPXV-BY-IMB25241	181382	G	G	Table S4
ON568298.1_MPXV-BY-IMB25241	187169	C	T	Table S4
ON568298.1_MPXV-BY-IMB25241	190675	G	G	Table S4
ON602722.1_MPXV_FRA_2022_TLS67	16977	C	C	Table S4
ON602722.1_MPXV_FRA_2022_TLS67	18952	G	G	Table S4
ON602722.1_MPXV_FRA_2022_TLS67	55084	C	C	Table S4
ON602722.1_MPXV_FRA_2022_TLS67	55142	G	G	Table S4
ON602722.1_MPXV_FRA_2022_TLS67	64435	C	C	Table S4
ON602722.1_MPXV_FRA_2022_TLS67	82862	G	G	Table S4
ON602722.1_MPXV_FRA_2022_TLS67	89915	C	T	Table S4
ON602722.1_MPXV_FRA_2022_TLS67	94807	G	A	Table S4
ON602722.1_MPXV_FRA_2022_TLS67	127229	C	C	Table S4
ON602722.1_MPXV_FRA_2022_TLS67	144538	C	C	Table S4
ON602722.1_MPXV_FRA_2022_TLS67	167528	G	G	Table S4
ON602722.1_MPXV_FRA_2022_TLS67	176910	G	G	Table S4
ON602722.1_MPXV_FRA_2022_TLS67	181382	G	G	Table S4
ON602722.1_MPXV_FRA_2022_TLS67	187169	C	C	Table S4
ON602722.1_MPXV_FRA_2022_TLS67	190675	G	G	Table S4
ON609725.1_SLO	16977	C	C	Table S4
ON609725.1_SLO	18952	G	G	Table S4
ON609725.1_SLO	55084	C	C	Table S4
ON609725.1_SLO	55142	G	A	Table S4
ON609725.1_SLO	64435	C	T	Table S4
ON609725.1_SLO	82862	G	G	Table S4
ON609725.1_SLO	89915	C	C	Table S4
ON609725.1_SLO	94807	G	G	Table S4
ON609725.1_SLO	127229	C	C	Table S4
ON609725.1_SLO	144538	C	C	Table S4
ON609725.1_SLO	167528	G	A	Table S4
ON609725.1_SLO	176910	G	G	Table S4
ON609725.1_SLO	181382	G	G	Table S4
ON609725.1_SLO	187169	C	C	Table S4
ON609725.1_SLO	190675	G	A	Table S4
ON595760.1_MPXV-CH-38134631/2022	16977	C	C	Table S4
ON595760.1_MPXV-CH-38134631/2022	18952	G	A	Table S4
ON595760.1_MPXV-CH-38134631/2022	55084	C	C	Table S4
ON595760.1_MPXV-CH-38134631/2022	55142	G	G	Table S4
ON595760.1_MPXV-CH-38134631/2022	64435	C	C	Table S4
ON595760.1_MPXV-CH-38134631/2022	82862	G	G	Table S4
ON595760.1_MPXV-CH-38134631/2022	89915	C	C	Table S4
ON595760.1_MPXV-CH-38134631/2022	94807	G	G	Table S4
ON595760.1_MPXV-CH-38134631/2022	127229	C	C	Table S4
ON595760.1_MPXV-CH-38134631/2022	144538	C	C	Table S4
ON595760.1_MPXV-CH-38134631/2022	167528	G	G	Table S4
ON595760.1_MPXV-CH-38134631/2022	176910	G	G	Table S4
ON595760.1_MPXV-CH-38134631/2022	181382	G	G	Table S4
ON595760.1_MPXV-CH-38134631/2022	187169	C	C	Table S4
ON595760.1_MPXV-CH-38134631/2022	190675	G	G	Table S4