POS	REF	ALT	TYPE
1271	G	A	snp
2600	G	A	snp
3120	G	A	snp
3531	G	A	snp
3827	C	T	snp
7780	C	T	snp
14009	G	T	snp
15437	G	A	snp
21732	G	A	snp
30376	G	A	snp
31062	G	A	snp
34468	G	A	snp
37211	G	A	snp
38369	G	A	snp
38671	C	T	snp
39148	C	T	snp
52894	G	A	snp
54126	G	A	snp
54644	G	A	snp
64306	G	A	snp
73075	C	T	snp
73248	G	A	snp
74214	G	A	snp
77392	G	A	snp
81284	G	A	snp
82382	C	T	snp
82460	G	A	snp
84596	C	T	snp
95043	G	A	snp
124139	G	A	snp
124683	G	A	snp
128707	C	T	snp
150480	C	T	snp
151472	A	C	snp
155806	G	A	snp
162342	C	T	snp
170273	G	A	snp
178220	G	A	snp
181995	G	A	snp
183534	C	T	snp
186593	G	A	snp
193407	G	A	snp
193703	C	T	snp
194114	C	T	snp
194634	C	T	snp
195963	C	T	snp
16977	C	T	snp
18952	G	A	snp
55084	C	T	snp
55142	G	A	snp
64435	C	T	snp
82862	G	A	snp
89915	C	T	snp
94807	G	A	snp
127229	C	T	snp
144538	C	T	snp
167528	G	A	snp
176910	G	A	snp
181382	G	A	snp
187169	C	N,T	snp
190675	G	A	snp
31175	C	T	snp
32840	C	T	snp
33105	C	T	snp
57428	C	T	snp
109832	C	T	snp
115581	C	T	snp
127022	C	A	snp
142720	T	C	snp
147523	C	T	snp
149829	G	A	snp
175363	G	A	snp
167528	G	A	snp
176910	G	A	snp
181382	G	A	snp
187169	C	N,T	snp
190675	G	A	snp
31175	C	T	snp
32840	C	T	snp
33105	C	T	snp
57428	C	T	snp
109832	C	T	snp
115581	C	T	snp
127022	C	T	snp
142720	T	T	snp
147523	C	A	snp
149829	G	T	snp
175363	G	T	snp